"nr";"id";"poziom";"sekcja";"wiek";"płeć";"kontekst";"wypowiedź nastolatka";"emocja docelowa";"dystraktor 1";"dystraktor 2";"dystraktor 3";"linia w index.html"
"1";"1";"1";"Szkoła i presja";"14";"chłopak";"14-latek rzuca plecak na podłogę w przedpokoju. W e-dzienniku świeci nowa uwaga.";"Znowu mam uwagę. Nieważne co robię, i tak jestem winny.";"niesprawiedliwość";"złość";"smutek";"bunt";"268"
"2";"2";"1";"Szkoła i presja";"14";"chłopak";"14-latek siedzi obok rodzica z zeszytem od matmy. Patrzy w jedną stronę.";"Nie ogarniam tego. Jak jutro dostanę pałę, to ja serio pęknę.";"przytłoczenie";"strach";"bezsilność";"frustracja";"269"
"3";"3";"1";"Szkoła i presja";"14";"chłopak";"14-latek stoi rano w kurtce, ale nie rusza się do wyjścia.";"Nie idę dziś do szkoły. Nie mam siły wchodzić tam znowu.";"przytłoczenie";"strach";"smutek";"bezsilność";"270"
"4";"4";"1";"Szkoła i presja";"14";"chłopak";"Niedziela wieczór, jutro szkoła. 14-latek kręci się po pokoju i łapie za brzuch.";"Jutro nie dam rady. Jak o tym myślę, to aż mi się robi niedobrze.";"strach";"przytłoczenie";"bezsilność";"smutek";"271"
"5";"8";"1";"Szkoła i presja";"14";"chłopak";"14-latek siedzi nad obiadem po klasówce. Łyżka krąży w zupie, apetytu brak.";"Starałem się, a i tak wszystko spieprzyłem. Chyba naprawdę jestem do niczego.";"bezsilność";"smutek";"rozczarowanie";"wstyd";"272"
"6";"9";"1";"Szkoła i presja";"15";"chłopak";"15-latek wraca z treningu. Patrzy w okno samochodu, milczy.";"Trener mnie zjechał przy wszystkich. Chciałem po prostu zniknąć.";"upokorzenie";"wstyd";"złość";"bezsilność";"273"
"7";"86";"1";"Szkoła i presja";"14";"chłopak";"14-latek po kolejnej wpadce i krytyce. Mówi coś jak wyrok.";"Jestem głupi…";"bezsilność";"smutek";"wstyd";"rozczarowanie";"274"
"8";"101";"1";"Szkoła i presja";"14";"chłopak";"14-latek po oddaniu ważnego projektu, nad którym siedział dwa weekendy.";"Dostałem tróję. Gość napisał, że 'mało kreatywne'. Bez kitu, po co ja się w ogóle starałem?";"rozczarowanie";"bezsilność";"złość";"niesprawiedliwość";"275"
"9";"102";"1";"Szkoła i presja";"16";"dziewczyna";"16-latka otwiera Librusa i widzi kolejną jedynkę z matematyki.";"Znowu to samo. Ta baba tłumaczy to tak, że nikt nic nie czai. Równie dobrze mogę nie chodzić. Zero różnicy.";"bezsilność";"złość";"frustracja";"niesprawiedliwość";"276"
"10";"103";"1";"Szkoła i presja";"13";"chłopak";"13-latek przygotowuje się do odpowiedzi ustnej, nerwowo przekładając kartki.";"Jak mnie wywoła do tablicy, to chyba tam zemdleję. Wszystko mi się miesza, kompletnie nic nie pamiętam.";"strach";"przytłoczenie";"niepewność";"bezsilność";"277"
"11";"104";"1";"Szkoła i presja";"15";"chłopak";"15-latek wraca z próbnego egzaminu, rzuca plecakiem.";"W arkuszu były rzeczy, których w ogóle nie przerabialiśmy. Pół klasy oddało puste kartki. To jest jakiś żart.";"niesprawiedliwość";"złość";"frustracja";"bezsilność";"278"
"12";"105";"1";"Szkoła i presja";"17";"dziewczyna";"17-latka patrzy na listę lektur na ten semestr.";"Pięć grubych ksiąg w dwa miesiące? Przecież ja nie mam kiedy spać, a jeszcze korki i treningi. Oni myślą, że ja jestem robotem?";"przytłoczenie";"bezsilność";"złość";"frustracja";"279"
"13";"106";"1";"Szkoła i presja";"14";"dziewczyna";"14-latka po prezentacji przed klasą, podczas której pomyliła slajdy.";"Wszyscy zaczęli się śmiać, a ja stałam tam jak kołek. Chcę po prostu zniknąć z tej szkoły.";"upokorzenie";"wstyd";"strach";"samotność";"280"
"14";"107";"1";"Szkoła i presja";"16";"chłopak";"16-latek dowiaduje się, że nie przeszedł do drugiego etapu olimpiady o jeden punkt.";"Jeden punkt. Przez jedno głupie pytanie wszystko poszło w piach. Tyle miesięcy nauki na nic.";"rozczarowanie";"żal";"bezsilność";"frustracja";"281"
"15";"108";"1";"Szkoła i presja";"13";"dziewczyna";"13-latka po kłótni z nauczycielką, która oskarżyła ją o ściąganie.";"Wcale nie ściągałam! Patrzyłam w okno, a ona mi zabrała kartkę przy wszystkich. To było tak niesprawiedliwe!";"niesprawiedliwość";"złość";"upokorzenie";"bezsilność";"282"
"16";"109";"1";"Szkoła i presja";"17";"chłopak";"17-latek patrzy na kalendarz — do zakończenia roku zostały trzy dni.";"Nie dam rady tego ogarnąć. Za dużo tego.";"przytłoczenie";"bezsilność";"strach";"desperacja";"283"
"17";"110";"1";"Szkoła i presja";"15";"chłopak";"15-latek wraca do domu z jedynką ze sprawdzianu z chemii, na który uczył się trzy wieczory z rzędu. Rzuca plecakiem o ziemię.";"Mam to gdzieś, serio. Po co ja się w ogóle staram, skoro ta baba i tak mnie uwali? To jest jakiś żart, nigdy więcej nie otworzę tego podręcznika.";"bezsilność";"złość";"rozczarowanie";"niesprawiedliwość";"284"
"18";"112";"1";"Szkoła i presja";"15";"chłopak";"15-latek został wyrzucony z lekcji przez nauczycielkę, która uznała, że to on rzucał papierkami, choć chłopak siedział cicho.";"Wzięła mnie na cel i tyle. Inni robili syf, a ona wskazała palcem na mnie, bo tak jej było wygodniej. Aż mnie rozsadza od środka, jak to niesprawiedliwe!";"niesprawiedliwość";"złość";"upokorzenie";"bezsilność";"285"
"19";"22";"1";"Emocje, lęk, smutek";"14";"chłopak";"14-latek późnym wieczorem przegląda terminy egzaminów i prób.";"Nie mogę oddychać, jak o tym myślę. Wszystko mi się miesza w głowie.";"przytłoczenie";"strach";"bezsilność";"desperacja";"288"
"20";"23";"1";"Emocje, lęk, smutek";"15";"dziewczyna";"15-latka wraca ze szkoły. Jutro prezentacja, nerwowo skubie rękaw.";"Jak się ośmieszę, to ja tam więcej nie pójdę. Serio.";"strach";"wstyd";"niepewność";"przytłoczenie";"289"
"21";"30";"1";"Emocje, lęk, smutek";"15";"chłopak";"15-latek wraca w środku tygodnia i od razu zamyka się w pokoju.";"Daj mi chwilę. W szkole cały dzień muszę być ogarnięty, a ja już nie mam baterii.";"przytłoczenie";"smutek";"bezsilność";"samotność";"290"
"22";"64";"1";"Emocje, lęk, smutek";"16";"chłopak";"16-latek rozmawia z rodzicem o motywacji. W pewnym momencie zaczyna mówić ciszej.";"Nie chodzi o lenistwo. Ja po prostu nie widzę sensu w tym, co robię.";"bezsilność";"smutek";"przytłoczenie";"desperacja";"291"
"23";"89";"1";"Emocje, lęk, smutek";"17";"chłopak";"17-latek milknie, kiedy rodzic naciska na temat studiów. Potem mówi cicho.";"Przeraża mnie to wszystko: studia, praca, decyzje. Ja nie wiem czy sobie z tym wszystkim poradzę.";"strach";"niepewność";"przytłoczenie";"bezsilność";"292"
"24";"95";"1";"Emocje, lęk, smutek";"15";"dziewczyna";"Rodzic próbuje pocieszyć 15-latkę. Reaguje, jakby to był atak.";"Nie mów mi, że przesadzam. Ja naprawdę cierpię.";"smutek";"bezsilność";"złość";"samotność";"293"
"25";"46";"1";"Emocje, lęk, smutek";"15";"dziewczyna";"Rodzic przed chwilą zażartował z tego, o czym marzy 15-latka. Czerwienieje ze złości.";"To moje marzenie. Jak się śmiejesz, to czuję się totalnie zniszczona.";"upokorzenie";"smutek";"złość";"bezsilność";"294"
"26";"24";"1";"Rówieśnicy i odrzucenie";"13";"dziewczyna";"13-latka w poniedziałek rano trzyma się za brzuch i nie chce wstać.";"Znowu będę tam sama. Znowu będą patrzeć.";"samotność";"strach";"smutek";"odrzucenie";"297"
"27";"114";"1";"Rówieśnicy i odrzucenie";"14";"dziewczyna";"14-latka przegląda relacje na Instagramie i widzi, że cała jej paczka jest razem na pizzy — bez niej.";"No jasne, świetnie się bawią. Nagle o mnie zapomnieli, jakbym w ogóle nie istniała.";"odrzucenie";"samotność";"smutek";"zazdrość";"298"
"28";"115";"1";"Rówieśnicy i odrzucenie";"14";"dziewczyna";"14-latka siedzi w ciemnym pokoju z telefonem. Zobaczyła na TikToku relację, jak cała jej paczka bawi się w kinie bez niej.";"Patrz, znowu relacja u Julki. Wszyscy tam są, nawet ten nudziarz z trzeciej ławki. Mnie nikt nawet nie zapytał, czy chcę iść. Widocznie jestem dla nich tylko tłem, jak ich nie ma kto rozśmieszać.";"odrzucenie";"samotność";"smutek";"bezsilność";"299"
"29";"116";"1";"Rówieśnicy i odrzucenie";"15";"chłopak";"15-latek wysłał wiadomość do przyjaciela trzy godziny temu, widzi, że została odczytana, ale nie ma odpowiedzi.";"Zlewa mnie totalnie. Widzę, że gra w LoL-a, ale odpisać to już nie łaska. Mam tego dość.";"odrzucenie";"złość";"samotność";"bezsilność";"300"
"30";"117";"1";"Rówieśnicy i odrzucenie";"14";"chłopak";"14-latek zauważa, że dziewczyna, z którą pisał codziennie przez miesiąc, nagle przestała mu odpisywać i go zghostowała, choć publikuje nowe zdjęcia.";"Pisała do mnie non stop, a teraz nagle cisza. Widzę, że jest aktywna, ale mnie zlewa totalnie. Co ja niby zrobiłem źle? Wszystko mi się teraz sypie.";"odrzucenie";"bezsilność";"smutek";"niepewność";"301"
"31";"118";"1";"Rówieśnicy i odrzucenie";"13";"chłopak";"13-latek słyszy, jak koledzy śmieją się z jego nowej fryzury.";"Wiedziałem, że to był błąd. Teraz będą o tym gadać przez miesiąc. Najlepiej by było, gdybym w ogóle nie wychodził z pokoju.";"wstyd";"strach";"samotność";"smutek";"302"
"32";"119";"1";"Rówieśnicy i odrzucenie";"17";"chłopak";"17-latek dowiaduje się, że jego najlepszy przyjaciel wysłał screeny ich prywatnej, bardzo osobistej rozmowy do innych osób z klasy.";"Myślałem, że to mój brat, czaisz? A on mnie tak po prostu wystawił dla kilku lajków. Komu ja mam teraz w ogóle ufać? To koniec, z nikim już nie gadam.";"odrzucenie";"żal";"złość";"samotność";"303"
"33";"120";"1";"Rówieśnicy i odrzucenie";"17";"dziewczyna";"17-latka przygotowuje się do imprezy, ale nagle rezygnuje.";"Ech, i tak będę tam stać w kącie. One wszystkie mają o czym gadać, a ja zawsze czuję się tam jak piąte koło u wozu.";"samotność";"niepewność";"smutek";"wstyd";"304"
"34";"121";"1";"Rówieśnicy i odrzucenie";"14";"chłopak";"14-latek dowiaduje się, że nowy kolega w klasie stał się bardzo popularny.";"Nagle wszyscy latają za nim, jakby był jakimś Bogiem. Nawet Bartek już nie ma dla mnie czasu, bo ciągle siedzi u niego.";"zazdrość";"samotność";"odrzucenie";"smutek";"305"
"35";"122";"1";"Rówieśnicy i odrzucenie";"16";"dziewczyna";"16-latka po otrzymaniu screena, na którym koleżanki ją obgadują.";"Patrz, co o mnie piszą. 'Że niby jestem sztywna'. A ja im tyle razy pomagałam w lekcjach. To jest obrzydliwe.";"odrzucenie";"złość";"żal";"upokorzenie";"306"
"36";"123";"1";"Rówieśnicy i odrzucenie";"15";"chłopak";"15-latek nie został zaproszony na osiemnastkę kuzyna, na której bardzo mu zależało.";"Wszyscy moi znajomi tam będą, a ja mam siedzieć z wami? To będzie największy przypał świata, jak mnie tam zabraknie.";"odrzucenie";"wstyd";"samotność";"złość";"307"
"37";"124";"1";"Rówieśnicy i odrzucenie";"13";"dziewczyna";"13-latka po powrocie ze szkoły, gdzie grupa dziewczyn ją ignorowała.";"Jak przechodziłam obok nich, to nagle wszystkie milkły i zaczynały się śmiać. Nienawidzę tej klasy.";"odrzucenie";"samotność";"smutek";"upokorzenie";"308"
"38";"125";"1";"Rówieśnicy i odrzucenie";"17";"dziewczyna";"17-latka dowiaduje się, że jej chłopak wyjechał na weekend ze znajomymi, o czym zapomniał jej wspomnieć.";"Dowiedziałam się o tym z Instagrama, czaisz? Pisaliśmy rano i ani słowa o wyjeździe. Teraz nie odbiera, bo pewnie świetnie się bawi. Po prostu super, tak właśnie wygląda 'zaufanie' w tym związku.";"żal";"złość";"odrzucenie";"niepewność";"309"
"39";"75";"1";"Rówieśnicy i odrzucenie";"16";"dziewczyna";"16-latka wraca ze szkoły i od razu rzuca się na łóżko.";"Powiedziałam mu, że go kocham, a on ma dziewczynę i mnie olewa. Czuję się jak śmieć.";"odrzucenie";"smutek";"wstyd";"bezsilność";"310"
"40";"15";"1";"Wygląd i ciało";"15";"chłopak";"15-latek wraca po zdjęciach klasowych. Przygaszony.";"Nienawidzę jak mnie oceniają. Czuję się jak jakiś eksponat.";"wstyd";"złość";"bezsilność";"samotność";"313"
"41";"25";"1";"Wygląd i ciało";"15";"chłopak";"15-latek podaje rodzicowi telefon. Na grupie klasowej docinki o wyglądzie.";"To mnie naprawdę boli. Udaję, że haha, ale w środku mam dość.";"smutek";"wstyd";"bezsilność";"samotność";"314"
"42";"79";"1";"Wygląd i ciało";"15";"chłopak";"15-latek stoi przed lustrem w łazience. Długo dotyka skóry twarzy.";"Wszyscy mają idealne twarze. Ja wyglądam jak katastrofa.";"wstyd";"smutek";"bezsilność";"samotność";"315"
"43";"84";"1";"Wygląd i ciało";"14";"dziewczyna";"Rozmowa przy kolacji schodzi na szkołę i wygląd. 14-latka mówi cicho.";"Mam kompleksy, ludzie się ze mnie wyśmiewają. A ja nie wiem, co robię źle.";"wstyd";"bezsilność";"smutek";"samotność";"316"
"44";"85";"1";"Wygląd i ciało";"15";"dziewczyna";"15-latka staje na wadze po wakacjach. Płacze.";"Przytyłam i nienawidzę swojego ciała. Czuję się bezradna.";"bezsilność";"smutek";"wstyd";"desperacja";"317"
"45";"126";"1";"Wygląd i ciało";"16";"chłopak";"16-latek szykuje się na osiemnastkę kolegi, ale po długim staniu przed lustrem nagle zdejmuje wyjściowe ubranie i kładzie się na łóżku.";"Nigdzie nie idę. Wyglądam jak totalny gnom, te włosy to porażka, a cera... szkoda gadać. Będą się tylko ze mnie nabijać po kątach.";"wstyd";"strach";"bezsilność";"smutek";"318"
"46";"127";"1";"Wygląd i ciało";"16";"chłopak";"16-latek przygotował się na pierwsze spotkanie z dziewczyną, ale po długim czasie przed lustrem nagle zdejmuje nową bluzę.";"Nie no, po prostu masakra. Zobacz na to czoło, przecież to wygląda jak pole minowe, a te włosy żyją własnym życiem. Nigdzie nie idę, niech ona sobie myśli co chce, ja zostaję w łóżku pod kołdrą.";"wstyd";"strach";"bezsilność";"smutek";"319"
"47";"128";"1";"Wygląd i ciało";"14";"dziewczyna";"14-latka mierzy sukienkę na bal ósmoklasisty.";"Wyglądam w tym grubo. Ta sukienka podkreśla wszystko, czego nienawidzę. Wszystkie dziewczyny będą wyglądać jak modelki, a ja jak worek.";"wstyd";"smutek";"bezsilność";"strach";"320"
"48";"129";"1";"Wygląd i ciało";"15";"chłopak";"15-latek porównuje swój wzrost z kolegami z klasy.";"Wszyscy już wystrzelili w górę, a ja dalej stoję w miejscu. Wyglądam przy nich jak dzieciak z podstawówki.";"wstyd";"smutek";"zazdrość";"bezsilność";"321"
"49";"130";"1";"Wygląd i ciało";"17";"dziewczyna";"17-latka wraca od fryzjera, patrzy w lustro z przerażeniem.";"Zobacz, co ona mi zrobiła! Za krótko, beznadziejny kolor, wszystko nie tak!";"złość";"smutek";"bezsilność";"rozczarowanie";"322"
"50";"131";"1";"Wygląd i ciało";"13";"chłopak";"13-latek nosi aparat ortodontyczny od tygodnia.";"Przez ten aparat śmiesznie mówię i wyglądam fatalnie. Jeszcze dwa lata? Przecież to jest wieczność!";"frustracja";"wstyd";"bezsilność";"smutek";"323"
"51";"132";"1";"Wygląd i ciało";"16";"dziewczyna";"16-latka widzi swoje zdjęcie zrobione z ukrycia przez kogoś z klasy.";"Jak ja tu wyszłam? Mam jakąś dziwną minę i wyglądam tragicznie. Zaraz pewnie wrzucą to na grupę.";"strach";"wstyd";"upokorzenie";"bezsilność";"324"
"52";"133";"1";"Wygląd i ciało";"15";"chłopak";"15-latek próbuje dobrać ubrania na wyjście do kina.";"Wszystko na mnie wisi albo jest za ciasne. Nie mam nic normalnego, w czym nie wstydziłbym się pokazać.";"frustracja";"wstyd";"bezsilność";"smutek";"325"
"53";"134";"1";"Wygląd i ciało";"14";"dziewczyna";"14-latka porównuje się do modelek z TikToka.";"One mają idealną cerę i figury, a ja... szkoda gadać. Czemu ja nie mogę tak wyglądać?";"zazdrość";"smutek";"bezsilność";"wstyd";"326"
"54";"135";"1";"Wygląd i ciało";"17";"chłopak";"17-latek ma założyć garnitur na uroczystość rodzinną.";"Czuję się w tym jak przebrany. Wszyscy będą się na mnie gapić, to jest tak bardzo nie moje.";"niepewność";"wstyd";"bezsilność";"frustracja";"327"
"55";"136";"1";"Wygląd i ciało";"15";"dziewczyna";"15-latka narzeka na swoje okulary.";"Znowu mi parują, jak wchodzę do autobusu. Wyglądam wtedy jak totalna ofiara losu.";"wstyd";"frustracja";"bezsilność";"smutek";"328"
"56";"26";"1";"Media społecznościowe";"13";"dziewczyna";"13-latka zauważa, że pod jej filmikiem pojawił się hejt. Rzuca telefon na łóżko.";"Już nic nie wrzucę. Nie chcę kolejnej fali wyśmiewania.";"strach";"smutek";"bezsilność";"upokorzenie";"331"
"57";"137";"1";"Media społecznościowe";"14";"dziewczyna";"14-latka usunęła zdjęcie po tym, jak nikt go nie polubił przez piętnaście minut.";"Wiedziałam, że jest beznadziejne. Teraz pewnie wszyscy myślą, że jestem desperatką.";"wstyd";"odrzucenie";"niepewność";"smutek";"332"
"58";"138";"1";"Media społecznościowe";"15";"chłopak";"15-latek czyta kłótnię na grupie klasowej na Messengerze.";"Wszyscy tam na siebie jadą, a ja nie wiem, co napisać. Boję się, że jak coś powiem, to zaraz wszyscy obrócą się przeciwko mnie.";"strach";"niepewność";"samotność";"bezsilność";"333"
"59";"139";"1";"Media społecznościowe";"16";"dziewczyna";"16-latka widzi, że jej były chłopak dodał zdjęcie z nową dziewczyną.";"Patrz na to. Miesiąc po zerwaniu i już ma nową. Jakby te dwa lata ze mną w ogóle się nie liczyły.";"żal";"złość";"odrzucenie";"smutek";"334"
"60";"140";"1";"Media społecznościowe";"13";"chłopak";"13-latek dowiaduje się, że jego telefon jest zepsuty.";"Jestem odcięty od świata! Nie wiem, o czym oni teraz gadają, nie mam dostępu do niczego. To jest koniec mojego życia towarzyskiego.";"strach";"samotność";"przytłoczenie";"bezsilność";"335"
"61";"141";"1";"Media społecznościowe";"15";"dziewczyna";"15-latka czyta hejt pod swoim filmikiem.";"Napisali, że mam 'krzywy nos' i 'piskliwy głos'. Setki ludzi to widziało. Nie chcę już nigdy nic wrzucać do sieci.";"upokorzenie";"smutek";"bezsilność";"strach";"336"
"62";"142";"1";"Media społecznościowe";"14";"dziewczyna";"14-latka patrzy na relacje influencerów.";"Oni mają takie super życie, podróżują, mają kasę. A ja siedzę w tym nudnym domu i nic się u mnie nie dzieje.";"zazdrość";"smutek";"bezsilność";"tęsknota";"337"
"63";"143";"1";"Media społecznościowe";"15";"dziewczyna";"15-latka dowiaduje się, że koleżanka wrzuciła jej niekorzystne zdjęcie bez pytania.";"Wyglądam tam jak potwór! Prosiłam ją, żeby tego nie robiła, a ona to zostawiła. Jak ona mogła mi to zrobić?";"złość";"upokorzenie";"żal";"bezsilność";"338"
"64";"144";"1";"Media społecznościowe";"13";"chłopak";"13-latek odkrywa, że w grze został oszukany przez innego gracza.";"Oddałem mu wszystkie moje itemy, a on mnie zablokował. Ufałem mu, graliśmy razem od miesięcy!";"żal";"złość";"odrzucenie";"bezsilność";"339"
"65";"145";"1";"Przytłoczenie i zmęczenie";"15";"dziewczyna";"15-latka siedzi o dwudziestej trzeciej nad stosem notatek, bo jutro ma dwa sprawdziany i prezentację, a rano musi jeszcze poćwiczyć do zawodów.";"Nie ogarniam tego, po prostu nie ogarniam. Zaraz mi mózg wyparuje, a jeszcze tyle zostało. Nie dam rady, to jest za dużo na jednego człowieka!";"przytłoczenie";"bezsilność";"strach";"desperacja";"342"
"66";"146";"1";"Przytłoczenie i zmęczenie";"14";"dziewczyna";"14-latka narzeka na poranne wstawanie.";"Znowu ta ciemność za oknem. Mam wrażenie, że całe moje życie to tylko szkoła, spanie i szkoła. Nie mam na nic siły.";"przytłoczenie";"smutek";"bezsilność";"samotność";"343"
"67";"147";"1";"Przytłoczenie i zmęczenie";"17";"dziewczyna";"17-latka uczy się do egzaminów późno w nocy.";"Kawa już na mnie nie działa, oczy mi się same zamykają, a ja mam jeszcze 20 stron do przeczytania. To jest nie do zrobienia.";"przytłoczenie";"bezsilność";"desperacja";"frustracja";"344"
"68";"148";"1";"Przytłoczenie i zmęczenie";"13";"dziewczyna";"13-latka odrabia lekcje z matematyki.";"To jest czarna magia. Siedzę nad tym zadaniem od godziny i dalej nie wiem, od czego zacząć. Zaraz ten zeszyt poleci w kąt!";"frustracja";"bezsilność";"złość";"przytłoczenie";"345"
"69";"149";"1";"Pasje i czas wolny";"15";"chłopak";"15-latek przegrywa ważny mecz w grze online przez błąd serwera.";"Nie wierzę! Cały ranking poszedł w dół przez jeden lag. Tyle godzin grindu zmarnowane w sekundę!";"frustracja";"złość";"bezsilność";"rozczarowanie";"348"
"70";"150";"1";"Pasje i czas wolny";"16";"chłopak";"16-latek dowiaduje się, że trener nie wystawił go w pierwszym składzie.";"Zasuwałem na każdym treningu, a on wziął tego typa, co połowę czasu przesiedział na ławce. To jest totalna zamuła.";"niesprawiedliwość";"złość";"rozczarowanie";"bezsilność";"349"
"71";"151";"1";"Pasje i czas wolny";"13";"dziewczyna";"13-latka dowiaduje się, że kółko plastyczne zostało odwołane.";"To była jedyna rzecz, na którą chciało mi się iść w tym tygodniu. Teraz będę musiała siedzieć w domu i się nudzić.";"rozczarowanie";"smutek";"samotność";"frustracja";"350"
"72";"152";"1";"Pasje i czas wolny";"15";"dziewczyna";"15-latka narzeka na stary sprzęt do fotografii.";"Tym starym rzęchem nic nie wyjdzie. Inni mają profesjonalny sprzęt i ich zdjęcia wyglądają super, a moje to żenada.";"frustracja";"zazdrość";"bezsilność";"smutek";"351"
"73";"153";"1";"Pasje i czas wolny";"15";"chłopak";"15-latek dowiaduje się, że nie został wybrany do szkolnej reprezentacji sportowej, mimo intensywnych treningów.";"Trenowałem całe wakacje, a oni wzięli tego gościa, co połowę zajęć olał. To jest po prostu kpina, więcej tam nie pójdę!";"niesprawiedliwość";"złość";"rozczarowanie";"bezsilność";"352"
"74";"154";"1";"Przyszłość";"18";"dziewczyna";"18-latka wraca po rozmowie z doradcą zawodowym.";"Nie mam pojęcia, co chcę robić w przyszłości. Czuję, że niedługo muszę podjąć decyzję, a kompletnie nie wiem czego chcę.";"przytłoczenie";"strach";"niepewność";"bezsilność";"355"
"75";"155";"1";"Przyszłość";"15";"dziewczyna";"15-latka patrzy na progi punktowe do wymarzonego liceum.";"Nie ma szans. Z moimi wynikami to mogę co najwyżej pomarzyć. Wszystkie moje plany właśnie legły w gruzach.";"bezsilność";"smutek";"rozczarowanie";"strach";"356"
"76";"156";"1";"Przyszłość";"17";"chłopak";"17-latek mówi o dorosłości.";"Wszyscy oczekują, że nagle będę wiedział, jak płacić rachunki i co robić w życiu. A ja się czuję, jakbym utknął w miejscu.";"przytłoczenie";"strach";"niepewność";"bezsilność";"357"
"77";"157";"1";"Przyszłość";"14";"dziewczyna";"14-latka zastanawia się nad wyborem profilu klasy.";"Jak wybiorę mat-fiz, to nie będę miała czasu na nic innego. Jak wybiorę humanistyczny, to pewnie nie znajdę pracy. To jest bez sensu.";"przytłoczenie";"strach";"bezsilność";"niepewność";"358"
"78";"158";"1";"Przyszłość";"15";"dziewczyna";"15-latka słucha opowieści rodzica o sukcesach dziecka znajomych.";"No jasne, on jest genialny, a ja jestem zwykłą szarą myszą. Zawsze będę gorsza od innych, nieważne co zrobię.";"bezsilność";"smutek";"zazdrość";"wstyd";"359"
"79";"159";"1";"Przyszłość";"17";"chłopak";"17-latek mówi o maturze.";"Ten egzamin ma zdecydować o całym moim życiu? Przecież to jest chore. Czuję się, jakby ktoś przystawił mi pistolet do głowy.";"strach";"przytłoczenie";"bezsilność";"złość";"360"
"80";"160";"1";"Przyszłość";"16";"dziewczyna";"16-latka myśli o wyjeździe na studia do innego miasta.";"Chciałabym wyjechać, ale boję się, że sobie nie poradzę. Tutaj mam wszystko, a tam będę zupełnie sama.";"strach";"niepewność";"tęsknota";"samotność";"361"
"81";"161";"1";"Przyszłość";"14";"chłopak";"14-latek dowiaduje się, że nie dostał się na wymarzony kurs.";"To była moja jedyna droga do celu. Teraz już nic mi nie zostało, mogę się poddać.";"bezsilność";"rozczarowanie";"smutek";"desperacja";"362"
"82";"5";"2";"(bez podziału)";"14";"chłopak";"Rodzic właśnie odłożył słuchawkę po telefonie od wychowawcy o spóźnieniach. 14-latek wchodzi do kuchni.";"On się na mnie uwziął. Cokolwiek zrobię, i tak mu nie pasuje.";"niesprawiedliwość";"złość";"bezsilność";"frustracja";"368"
"83";"6";"2";"(bez podziału)";"15";"chłopak";"Przyszła wiadomość od nauczyciela o niewykonanym zadaniu. 15-latek wzrusza ramionami.";"Nie będę tego robić. I tak nikt nie widzi, ile ja się męczę.";"bezsilność";"smutek";"złość";"samotność";"369"
"84";"7";"2";"(bez podziału)";"15";"chłopak";"Wieczór. Na grupie klasowej do projektu nikt nie odpisuje, a termin jutro. 15-latek siedzi z telefonem.";"Zrobili mnie liderem, a teraz mnie olali. Jak nie wyjdzie, to zgadnij, kto oberwie.";"przytłoczenie";"złość";"strach";"bezsilność";"370"
"85";"10";"2";"(bez podziału)";"14";"chłopak";"Rodzic zatrzymuje auto pod szkołą i wysiada razem z 14-latkiem.";"Zostań w aucie. Nie odprowadzaj mnie.";"wstyd";"bunt";"strach";"niepewność";"371"
"86";"11";"2";"(bez podziału)";"15";"chłopak";"W sklepie rodzic i 15-latek spotykają jego klasę. Rodzic zaczyna rozmowę z kolegami.";"Nie mów tak przy moich znajomych.";"wstyd";"złość";"upokorzenie";"bunt";"372"
"87";"14";"2";"(bez podziału)";"16";"chłopak";"16-latek chce wyjść w czymś nietypowym. Rodzic komentuje.";"To jest mój styl. Nie każ mi wyglądać jak ty.";"bunt";"złość";"wstyd";"frustracja";"373"
"88";"27";"2";"(bez podziału)";"15";"dziewczyna";"15-latka wraca ze szkoły z plamą na bluzie. Widać, że ktoś jej coś zrobił.";"Nie pytaj, bo i tak nic z tym nie zrobisz. Sama sobie poradzę.";"bezsilność";"wstyd";"samotność";"złość";"374"
"89";"29";"2";"(bez podziału)";"15";"chłopak";"Rodzic prosi 15-latka, żeby zjadł z rodziną. Bierze talerz i idzie do pokoju.";"Chcę zjeść sam. Po prostu nie mam dziś siły na rozmowy.";"przytłoczenie";"samotność";"smutek";"bezsilność";"375"
"90";"42";"2";"(bez podziału)";"16";"chłopak";"16-latek wraca po imprezie. Coś jest inaczej niż zwykle. Widać wstyd.";"Nie patrz na mnie tak. Ja… ja po prostu chciałem być jak inni.";"wstyd";"strach";"żal";"bezsilność";"376"
"91";"59";"2";"(bez podziału)";"15";"chłopak";"Rodzic proponuje wspólny film w piątek. 15-latek kręci głową.";"Wolałbym wyjść. Nie jestem już małym dzieckiem.";"bunt";"frustracja";"samotność";"złość";"377"
"92";"60";"2";"(bez podziału)";"15";"chłopak";"Sobota rano. Rodzic budzi 15-latka do sprzątania.";"Serio mam sprzątać w sobotę? Ja cały tydzień jadę na oparach.";"przytłoczenie";"złość";"frustracja";"bezsilność";"378"
"93";"63";"2";"(bez podziału)";"16";"chłopak";"Rodzic mówi: musisz się uczyć. 16-latek macha ręką.";"Ja się umiem nauczyć, tylko mi się nie chce ciągle żyć pod presją.";"przytłoczenie";"bunt";"bezsilność";"frustracja";"379"
"94";"65";"2";"(bez podziału)";"15";"chłopak";"Kolacja. Rodzic pyta 15-latka o znajomych. Odpowiada chłodno.";"Nie mam ochoty o tym gadać. To i tak nic nie zmieni.";"samotność";"smutek";"bezsilność";"bunt";"380"
"95";"70";"2";"(bez podziału)";"16";"chłopak";"Rozmowa o imprezach. Rodzic mówi, że ma obawy. 16-latek reaguje.";"Uważasz, że jak wyjdę, to od razu zrobię coś głupiego.";"niesprawiedliwość";"złość";"smutek";"bunt";"381"
"96";"71";"2";"(bez podziału)";"16";"chłopak";"16-latek mówi o relacji. Rodzic od razu zaczyna dopytywać o szczegóły.";"Nie chcę przesłuchania. Chcę tylko, żebyś była po mojej stronie.";"samotność";"smutek";"złość";"bezsilność";"382"
"97";"74";"2";"(bez podziału)";"17";"dziewczyna";"17-latka siada naprzeciwko. Widać, że zbiera się na odwagę.";"Chcę ci powiedzieć, że spotykam się z kimś starszym, ale boję się twojej reakcji.";"strach";"niepewność";"tęsknota";"samotność";"383"
"98";"76";"2";"(bez podziału)";"16";"chłopak";"16-latek chce iść sam do lekarza. Rodzic proponuje, że pójdzie razem.";"Nie chcę, żebyś ze mną szła. To jest dla mnie krępujące.";"wstyd";"bunt";"niepewność";"strach";"384"
"99";"78";"2";"(bez podziału)";"14";"dziewczyna";"14-latka chce się malować. Rodzic mówi, że za wcześnie.";"Ja chcę się malować jak inne dziewczyny. Czuję się przez ciebie głupio i dziecinnie.";"bunt";"wstyd";"złość";"bezsilność";"385"
"100";"83";"2";"(bez podziału)";"16";"chłopak";"Wieczór. 16-latek siada obok i mówi cicho, jakby z ulgą.";"Od jakiegoś czasu prawie nic nie jem i nie piję. I nie umiem tego odkręcić.";"bezsilność";"strach";"smutek";"desperacja";"386"
"101";"87";"2";"(bez podziału)";"17";"chłopak";"Do matury zostały dwa tygodnie. Rodzic pyta: uczysz się? 17-latek odpowiada.";"Ale wynik matury nie będzie mnie definiował.";"bunt";"niepewność";"strach";"bezsilność";"387"
"102";"88";"2";"(bez podziału)";"17";"dziewczyna";"17-latka tuż przed próbną maturą.";"Boli mnie głowa i ściska w żołądku.";"strach";"przytłoczenie";"bezsilność";"smutek";"388"
"103";"91";"2";"(bez podziału)";"17";"chłopak";"Rodzina planuje 18 urodziny 17-latka. Ktoś już rezerwuje salę.";"Nie wiem, czy chcę imprezę. Wolałbym w domu, bez wielkiej akcji.";"niepewność";"strach";"samotność";"bunt";"389"
"104";"162";"2";"(bez podziału)";"15";"chłopak";"15-latek słucha rodzica, który dopytuje o poprawę ocen zaraz po wejściu do domu.";"Daj spokój, ledwo wszedłem do domu. Cały dzień tylko testy i pytania, a ty od progu znowu to samo!";"przytłoczenie";"złość";"frustracja";"bezsilność";"390"
"105";"163";"2";"(bez podziału)";"14";"dziewczyna";"14-latka rysuje w pokoju. Rodzic woła ją na obiad.";"Właśnie teraz miałam najlepszy pomysł na cieniowanie! Zanim wrócę, to wszystko mi ucieknie z głowy!";"frustracja";"złość";"bezsilność";"smutek";"391"
"106";"164";"2";"(bez podziału)";"16";"chłopak";"16-latek mówi o uzależnieniu od TikToka, kiedy rodzic zwraca mu uwagę na czas przed ekranem.";"Tylko tam mogę się wyłączyć i o niczym nie myśleć. Bez tego telefonu to bym chyba oszalał z nudów.";"bezsilność";"samotność";"przytłoczenie";"smutek";"392"
"107";"165";"2";"(bez podziału)";"15";"chłopak";"15-latek wraca po siedmiu lekcjach i dodatkowym angielskim.";"Nie ruszę palcem. Nawet nie proś mnie o rozładowanie zmywarki, bo po prostu padnę na podłogę.";"przytłoczenie";"bezsilność";"złość";"frustracja";"393"
"108";"166";"2";"(bez podziału)";"16";"chłopak";"16-latek mówi o sprzątaniu pokoju.";"Po co mam to sprzątać, skoro jutro i tak będzie tak samo? To jest syzyfowa praca, daj mi spokój.";"bezsilność";"frustracja";"przytłoczenie";"smutek";"394"
"109";"167";"2";"(bez podziału)";"14";"dziewczyna";"14-latka narzeka na robienie zakupów.";"Znowu długa lista. Będę tam stać w kolejkach godzinę. Mój jedyny wolny czas w tygodniu właśnie przepadł.";"frustracja";"złość";"bezsilność";"smutek";"395"
"110";"168";"2";"(bez podziału)";"15";"dziewczyna";"15-latka narzeka na gotowanie.";"Nie cierpię gotować. Wszystko mi się przypala i kuchnia wygląda jak po wojnie. Dlaczego nie możemy po prostu zamówić pizzy?";"frustracja";"bezsilność";"złość";"przytłoczenie";"396"
"111";"169";"2";"(bez podziału)";"16";"chłopak";"16-latek mówi o pomyśle na gap year po szkole.";"Chciałbym po prostu odpocząć rok po szkole, ale wy pewnie uznacie, że jestem leniem i nic nie robię.";"strach";"niepewność";"bunt";"samotność";"397"
"112";"170";"2";"(bez podziału)";"16";"dziewczyna";"16-latka porównuje swoje kieszonkowe z rówieśnikami.";"Inni dostają dwa razy tyle i mogą sobie na coś odłożyć. Ja ledwo mam na bilet i herbatę. Czuję się jak biedak przy moich znajomych.";"wstyd";"bezsilność";"niesprawiedliwość";"zazdrość";"398"
"113";"171";"2";"(bez podziału)";"17";"dziewczyna";"17-latka mówi o tym, że nie chce spędzać czasu z rodzicem.";"Wolisz, żebym siedziała z tobą na kanapie, zamiast być z ludźmi w moim wieku? To jest nudne!";"bunt";"frustracja";"złość";"samotność";"399"
"114";"12";"3";"Stare scenki (przepisane)";"15";"dziewczyna";"Rodzic siedzi z gośćmi w salonie i właśnie zażartował o 15-latce.";"Weź przestań!";"upokorzenie";"złość";"wstyd";"bezsilność";"406"
"115";"13";"3";"Stare scenki (przepisane)";"14";"chłopak";"14-latek stoi na przystanku. Rodzic woła za nim zbyt głośno.";"Nie rób siary!";"wstyd";"złość";"upokorzenie";"bunt";"407"
"116";"18";"3";"Stare scenki (przepisane)";"17";"chłopak";"Kolejna dyskusja o godzinie powrotu. 17-latek rzuca plecak i siada na łóżku.";"Mam 17 lat i mam potrzebę wracać później. Czemu ty tego nie widzisz?";"bunt";"złość";"niesprawiedliwość";"bezsilność";"408"
"117";"21";"3";"Stare scenki (przepisane)";"16";"chłopak";"Rodzic wraca z wywiadówki i chce pogadać o ocenach. 16-latek odsuwa talerz.";"Nie chcę o tym teraz gadać. I nie rób ze mnie projektu do naprawy.";"bunt";"złość";"upokorzenie";"bezsilność";"409"
"118";"31";"3";"Stare scenki (przepisane)";"13";"chłopak";"Rodzic i 13-latek właśnie pokłócili się o drobiazg. Odwraca się do ściany.";"Nie lubię cię.";"złość";"smutek";"bezsilność";"samotność";"410"
"119";"32";"3";"Stare scenki (przepisane)";"15";"chłopak";"Chwila ciszy po kłótni. 15-latek mówi już ciszej, ale twardo.";"Widzisz mnie tylko wtedy, kiedy coś robię źle.";"smutek";"bezsilność";"samotność";"żal";"411"
"120";"33";"3";"Stare scenki (przepisane)";"14";"chłopak";"Rodzic otwiera drzwi do pokoju 14-latka bez pukania.";"Nie wchodź tutaj bez pytania. To jest moja przestrzeń.";"złość";"bunt";"strach";"bezsilność";"412"
"121";"34";"3";"Stare scenki (przepisane)";"16";"dziewczyna";"Rodzic pyta 16-latkę, czemu ostatnio się oddala.";"Bo jak pytasz o wszystko, to mam ochotę tylko uciec. Serio.";"przytłoczenie";"bunt";"złość";"strach";"413"
"122";"35";"3";"Stare scenki (przepisane)";"15";"chłopak";"15-latek odrabia lekcje. Rodzic zaczyna doradzać.";"Przestań mi stać nad głową. Jak mnie ciśniesz, to mam jeszcze większy mętlik.";"przytłoczenie";"złość";"bunt";"bezsilność";"414"
"123";"36";"3";"Stare scenki (przepisane)";"16";"chłopak";"Rodzic mówi: porozmawiajmy. 16-latek włącza głośniej muzykę.";"Nie teraz. Jak będę gotowy, to sam powiem.";"bunt";"przytłoczenie";"złość";"bezsilność";"415"
"124";"37";"3";"Stare scenki (przepisane)";"15";"chłopak";"Rodzic wiesza w kuchni kartkę z nowymi zasadami. 15-latek czyta i prycha.";"Zasady, zasady… A kto pyta, czego ja potrzebuję?";"niesprawiedliwość";"złość";"bunt";"samotność";"416"
"125";"38";"3";"Stare scenki (przepisane)";"15";"chłopak";"Rodzic przypomina o obowiązkach. 15-latek stoi w progu z telefonem.";"Ja nie jestem robotem. Potrzebuję czasem po prostu nic nie robić.";"przytłoczenie";"bunt";"bezsilność";"złość";"417"
"126";"50";"3";"Stare scenki (przepisane)";"16";"chłopak";"16-latek właśnie znalazł w telefonie rodzica screena ze swojej rozmowy.";"Nie miałaś prawa. Czuję się jak w klatce.";"złość";"żal";"strach";"bezsilność";"418"
"127";"51";"3";"Stare scenki (przepisane)";"15";"chłopak";"Rodzic wrzucił w sieci zdjęcie 15-latka z dzieciństwa. Wpada w panikę.";"Usuń to zdjęcie. Ja nie chcę, żeby to było w internecie.";"złość";"strach";"upokorzenie";"bezsilność";"419"
"128";"52";"3";"Stare scenki (przepisane)";"16";"chłopak";"Właśnie skończyła się ostra kłótnia między rodzicem a 16-latkiem. Drzwi trzaskają.";"Nienawidzę cię.";"złość";"smutek";"bezsilność";"desperacja";"420"
"129";"53";"3";"Stare scenki (przepisane)";"16";"chłopak";"Godzinę po kłótni 16-latek wraca spokojniejszy, ale głos mu się łamie.";"Mogłabyś chociaż raz posłuchać, zamiast tylko rządzić?";"bezsilność";"smutek";"żal";"samotność";"421"
"130";"54";"3";"Stare scenki (przepisane)";"14";"chłopak";"Rodzic prosi 14-latka o wyniesienie śmieci. Eksploduje.";"Zaraz! Czemu zawsze ja? Mam was wszystkich dosyć.";"złość";"przytłoczenie";"niesprawiedliwość";"bezsilność";"422"
"131";"55";"3";"Stare scenki (przepisane)";"15";"chłopak";"Rodzic komentuje bałagan w pokoju 15-latka. Ten mówi ostro.";"To mój pokój. Jak ci się nie podoba, to nie wchodź.";"bunt";"złość";"niesprawiedliwość";"frustracja";"423"
"132";"56";"3";"Stare scenki (przepisane)";"16";"chłopak";"16-latek nie ma ochoty sprzątać swojego pokoju.";"Jak będę dorosły, to zatrudnię kogoś do sprzątania w moim domu.";"bunt";"złość";"frustracja";"bezsilność";"424"
"133";"57";"3";"Stare scenki (przepisane)";"16";"chłopak";"16-latek właśnie odkrył na swoim telefonie aplikację do śledzenia lokalizacji.";"Po co to znów robisz?";"złość";"żal";"strach";"bunt";"425"
"134";"61";"3";"Stare scenki (przepisane)";"16";"dziewczyna";"Rodzic prosi 16-latkę o pomoc w kuchni. Nawet nie podnosi wzroku.";"Nie. Jestem zmęczona. I nie udawaj, że tego nie słyszysz.";"przytłoczenie";"złość";"bunt";"bezsilność";"426"
"135";"62";"3";"Stare scenki (przepisane)";"15";"chłopak";"Kolejna rozmowa o pomaganiu w domu. 15-latek wchodzi w obronę.";"Przestań gadać, że nic nie robię. Ja też mam swoje rzeczy i swoją głowę.";"niesprawiedliwość";"złość";"bunt";"bezsilność";"427"
"136";"67";"3";"Stare scenki (przepisane)";"15";"chłopak";"Rodzic próbuje postawić granicę. 15-latek krzyczy.";"Zostaw mnie! Jak wejdziesz jeszcze raz, to zamknę drzwi na klucz.";"złość";"strach";"bunt";"bezsilność";"428"
"137";"68";"3";"Stare scenki (przepisane)";"16";"dziewczyna";"Po spięciu o komputer 16-latka idzie w groźbę emocjonalną.";"Jak tak dalej będziesz robić, to przestanę z tobą rozmawiać. I będziesz sama.";"złość";"smutek";"bezsilność";"samotność";"429"
"138";"69";"3";"Stare scenki (przepisane)";"15";"chłopak";"15-latek krzyczy z pokoju podczas grania. Rodzic prosi o ciszę.";"Przestań wchodzić co pięć minut! Ja jestem w trakcie.";"złość";"frustracja";"bunt";"przytłoczenie";"430"
"139";"73";"3";"Stare scenki (przepisane)";"16";"dziewczyna";"Rodzic komentuje, że widział 16-latkę całującą się pod domem. Spina się.";"To nie twoja sprawa. Przestań mnie obserwować jak policja.";"złość";"bunt";"wstyd";"strach";"431"
"140";"77";"3";"Stare scenki (przepisane)";"13";"dziewczyna";"13-latka ma pretensje, że rodzic powiedział o jej okresie tacie i ciociom.";"Czemu powiedziałaś tacie i ciociom? To było moje i prywatne.";"żal";"złość";"upokorzenie";"wstyd";"432"
"141";"90";"3";"Stare scenki (przepisane)";"18";"chłopak";"Rozmowa o wyprowadzce. 18-latek broni swojej autonomii.";"Przecież mam 18 lat. Czemu moje życie ma być dalej waszą sprawą?";"bunt";"złość";"frustracja";"bezsilność";"433"
"142";"93";"3";"Stare scenki (przepisane)";"15";"chłopak";"Wczoraj rodzic obiecał, że nie będzie krzyczeć. Wieczór, kuchnia. 15-latek mówi.";"Ja już ci nie wierzę. Za każdym razem jest tak samo.";"żal";"bezsilność";"smutek";"samotność";"434"
"143";"172";"3";"Nowe scenki poziom 3";"16";"chłopak";"16-latek odkrywa, że rodzic bez konsultacji oddał jego stare, ale wciąż używane gry komputerowe kuzynowi.";"To były moje rzeczy! Dlaczego zawsze decydujesz za mnie i bez pytania grzebiesz w moich szafkach?!";"złość";"niesprawiedliwość";"żal";"bunt";"437"
"144";"173";"3";"Nowe scenki poziom 3";"14";"chłopak";"14-latek prosi o zgodę na powrót z imprezy o północy, a rodzic stanowczo upiera się przy godzinie dwudziestej drugiej.";"Wszyscy mogą zostać do końca, tylko ja muszę uciekać jak jakiś maluch. Robisz mi obciach przed całą klasą, nigdy mi nie ufasz!";"niesprawiedliwość";"złość";"wstyd";"bunt";"438"
"145";"174";"3";"Nowe scenki poziom 3";"16";"dziewczyna";"16-latka słyszy, jak rodzic wychwala młodsze rodzeństwo za drobną pomoc w domu, ignorując jej wcześniejsze porządki.";"Jasne, on jest waszą idealną gwiazdą. Ja mogę posprzątać cały dom i nikt nawet nie zauważy, bo dla was liczy się tylko on!";"niesprawiedliwość";"żal";"złość";"samotność";"439"
"146";"175";"3";"Nowe scenki poziom 3";"13";"chłopak";"13-latek dowiaduje się, że z powodu pilnego wyjazdu rodzinnego nie będzie mógł wziąć udziału w turnieju online z kolegami.";"Nie no, świetnie! Teraz pomyślą, że stchórzyłem i wywalą mnie z klanu. Zawsze musicie mi wszystko psuć w ostatniej chwili!";"złość";"bezsilność";"strach";"żal";"440"
"147";"176";"3";"Nowe scenki poziom 3";"13";"dziewczyna";"13-latka przyłapuje rodzica na tym, że próbował podejrzeć powiadomienia na jej telefonie, gdy zostawiła go na chwilę w kuchni.";"No nie wierzę! Serio musisz mnie tak śledzić?";"złość";"żal";"strach";"bunt";"441"
"148";"177";"3";"Nowe scenki poziom 3";"16";"chłopak";"16-latek przegrywa ważny mecz w grze rankingowej, bo rodzic kazał mu natychmiast wyłączyć komputer, nie pozwalając dokończyć rundy.";"No i po randze! Przez ciebie przegraliśmy, bo musiałaś mi teraz truć o tych głupich śmieciach. Zero wyczucia, po prostu niszczysz mi wszystko, co dla mnie ważne!";"złość";"bezsilność";"żal";"frustracja";"442"
"149";"178";"3";"Nowe scenki poziom 3";"17";"dziewczyna";"17-latka słyszy przy obiedzie kolejne pytanie o to, czy na pewno złoży papiery na medycynę, bo 'artysta to nie zawód'.";"Rzygać mi się chce tym waszym prestiżem. Nikogo nie obchodzi, co ja czuję, tylko co powiecie znajomym. Mam dość tej wiecznej presji, dajcie mi w końcu żyć!";"złość";"bunt";"bezsilność";"smutek";"443"
"150";"179";"3";"Nowe scenki poziom 3";"13";"chłopak";"13-latek wraca ze szkoły i odkrywa, że rodzic poukładał mu notatki i papiery na biurku, szukając ważnego dokumentu.";"Znowu tu byłaś?! Wszystko tu leżało tak jak trzeba! Czy ty naprawdę musisz wszędzie łazić? To jest mój pokój, a nie jakieś muzeum do zwiedzania dla ciebie!";"złość";"niesprawiedliwość";"bunt";"bezsilność";"444"
"151";"181";"3";"Nowe scenki poziom 3";"16";"dziewczyna";"16-latka o tym, że rodzic pyta ją, z kim pisze na telefonie.";"To jest moja prywatna sprawa. Czy ja ci zaglądam w telefon? Daj mi w końcu trochę oddechu!";"złość";"bunt";"strach";"bezsilność";"445"
"152";"182";"3";"Nowe scenki poziom 3";"15";"chłopak";"15-latek, gdy rodzic wchodzi do pokoju bez pukania.";"Wyjdź! Serio, czy tak trudno jest zapukać? Czuję się tutaj jak w jakimś monitorowanym więzieniu.";"złość";"bunt";"upokorzenie";"bezsilność";"446"
"153";"183";"3";"Nowe scenki poziom 3";"17";"dziewczyna";"17-latka dowiaduje się, że rodzice rozmawiali o jej ocenach z ciocią.";"Po co rozpowiadacie o moich sprawach całej rodzinie? To jest moje życie, a nie temat do plotek przy kawie!";"złość";"żal";"upokorzenie";"bunt";"447"
"154";"184";"3";"Nowe scenki poziom 3";"14";"chłopak";"14-latek po zainstalowaniu przez rodziców aplikacji do kontroli czasu przed ekranem.";"Blokujecie mi telefon o 21? Przecież to jest jedyny czas, kiedy mogę pogadać z ludźmi. Czuję się ubezwłasnowolniony.";"złość";"bunt";"bezsilność";"samotność";"448"
"155";"185";"3";"Nowe scenki poziom 3";"16";"dziewczyna";"16-latka, gdy mama próbuje dołączyć do jej znajomych na Facebooku.";"Proszę, nie rób mi tego. To jest moja przestrzeń, nie chcę tam mieć rodziców pod każdym postem.";"strach";"wstyd";"bunt";"złość";"449"
"156";"186";"3";"Nowe scenki poziom 3";"15";"chłopak";"15-latek o czytaniu jego pamiętnika lub notatek przez rodzica.";"Znalazłem to pod łóżkiem, leżało inaczej. Czytałaś to, prawda? Jak mogłaś mi to zrobić?!";"żal";"złość";"upokorzenie";"bezsilność";"450"
"157";"187";"3";"Nowe scenki poziom 3";"13";"dziewczyna";"13-latka o tym, że rodzice każą jej zostawiać telefon w salonie na noc.";"Nikt tak nie robi! Wszyscy mają telefony przy sobie, a wy traktujecie mnie, jakbym miała pięć lat.";"niesprawiedliwość";"złość";"bunt";"wstyd";"451"
"158";"188";"3";"Nowe scenki poziom 3";"17";"chłopak";"17-latek mówi o planach na weekend, które rodzice chcą znać godzina po godzinie.";"Nie wiem dokładnie, co będziemy robić! Po prostu wychodzę. Przecież nie ucieknę z kraju.";"bunt";"złość";"frustracja";"przytłoczenie";"452"
"159";"189";"3";"Nowe scenki poziom 3";"16";"dziewczyna";"16-latka o tym, że rodzic wszedł do łazienki, gdy ona się kąpała.";"Nie ma tu żadnego zamka? Nie mogę mieć nawet chwili dla siebie w tym domu?";"złość";"wstyd";"bunt";"bezsilność";"453"
"160";"190";"3";"Nowe scenki poziom 3";"17";"dziewczyna";"17-latka, której rodzice nie chcą puścić na koncert ulubionego zespołu.";"Oni przyjeżdżają raz na kilka lat! To jest moja jedyna szansa, żeby ich zobaczyć. Wszystko mi ucieka!";"złość";"smutek";"bezsilność";"tęsknota";"454"
"161";"191";"3";"Nowe scenki poziom 3";"15";"chłopak";"15-latek próbuje nagrać filmik na YouTube, ale rodzice ciągle wchodzą mu do pokoju.";"To jest nie do zrobienia. Nigdy nie uda mi się nagrać nic sensownego, jak ciągle ktoś tu łazi i coś chce!";"frustracja";"złość";"bezsilność";"bunt";"455"
"162";"192";"3";"Nowe scenki poziom 3";"16";"chłopak";"16-latek o nowym hobby, które rodzice wyśmiewają.";"Dla was wszystko, co robię, jest dziwne. Nawet nie spróbowaliście zrozumieć, o co w tym chodzi, od razu jest 'głupie'.";"smutek";"złość";"bezsilność";"samotność";"456"
"163";"193";"3";"Nowe scenki poziom 3";"17";"chłopak";"17-latek mówi o tym, że rodzice zmuszają go do nauki gry na instrumencie, którego nie lubi.";"Mam dosyć tego pianina. Każda godzina przy nim to dla mnie tortura. Dlaczego nie mogę robić tego, co ja chcę?";"bezsilność";"złość";"bunt";"smutek";"457"
"164";"194";"3";"Nowe scenki poziom 3";"14";"chłopak";"14-latek o swojej kolekcji kart i figurek, którą rodzic nazwał śmieciami.";"To nie są śmieci! Zbierałem to latami! Zupełnie tego nie szanujesz.";"złość";"żal";"smutek";"bezsilność";"458"
"165";"195";"3";"Nowe scenki poziom 3";"16";"chłopak";"16-latek o presji rodziców na konkretny kierunek studiów.";"To wasze marzenia, nie moje. Chcecie, żebym był lekarzem, ale ja mdleję na widok krwi. Nikt mnie nie słucha!";"złość";"bunt";"bezsilność";"smutek";"459"
"166";"197";"3";"Nowe scenki poziom 3";"14";"dziewczyna";"14-latka o tym, że młodszy brat może więcej.";"On znowu nie musiał sprzątać po kolacji, bo 'jest mały'. Ja w jego wieku już wszystko robiłam sama. To jest totalnie nie fair!";"niesprawiedliwość";"złość";"żal";"bezsilność";"460"
"167";"198";"3";"Nowe scenki poziom 3";"16";"chłopak";"16-latek proszony o pomoc z zakupami, gdy właśnie planował wyjście.";"Dlaczego zawsze przypominasz sobie o zakupach, kiedy ja mam swoje plany? Nigdy nie szanujesz mojego czasu!";"złość";"niesprawiedliwość";"bunt";"frustracja";"461"
"168";"199";"3";"Nowe scenki poziom 3";"13";"dziewczyna";"13-latka, której rodzice nie pozwalają kupić konkretnego ciucha.";"Wszystkie dziewczyny to noszą! Tylko ja mam wyglądać inaczej, bo wam się to nie podoba. Chcecie, żeby wszyscy się ze mnie śmiali?";"niesprawiedliwość";"złość";"wstyd";"strach";"462"
"169";"200";"3";"Nowe scenki poziom 3";"15";"chłopak";"15-latek o tym, że rodzice sprawdzają jego oceny codziennie.";"Mam 15 lat, a wy pilnujecie mnie jak w podstawówce. Czy wy mi w ogóle w czymkolwiek ufacie?";"niesprawiedliwość";"złość";"bunt";"bezsilność";"463"
"170";"201";"3";"Nowe scenki poziom 3";"17";"dziewczyna";"17-latka, która nie może pojechać pod namiot ze znajomymi.";"Znam ich od lat! Nic mi się nie stanie, ale wy zawsze widzicie najgorsze scenariusze. Mam dość tego pilnowania na każdym kroku.";"złość";"bunt";"niesprawiedliwość";"bezsilność";"464"
"171";"202";"3";"Nowe scenki poziom 3";"14";"chłopak";"14-latek o tym, że rodzic przerwał mu wypowiedź przy gościach.";"Zrobiłeś ze mnie głupka przy wszystkich, jakbym nie miał nic mądrego do gadania.";"upokorzenie";"złość";"żal";"bezsilność";"465"
"172";"203";"3";"Nowe scenki poziom 3";"15";"chłopak";"15-latek o tym, że rodzice wybrali mu zajęcia dodatkowe bez pytania.";"Nie zapytaliście mnie, czy ja w ogóle chcę tam chodzić. Po prostu mnie tam zapisaliście, jakbym był przedmiotem.";"niesprawiedliwość";"złość";"bunt";"bezsilność";"466"
"173";"204";"3";"Nowe scenki poziom 3";"17";"chłopak";"17-latek o zakazie prowadzenia samochodu rodziców mimo zdanego prawa jazdy.";"Właśnie zrobiłem prawko! Skąd mam nabrać wprawy, jak wy mi nigdy nie dajecie kluczyków? Zawsze jestem 'za młody'.";"niesprawiedliwość";"złość";"frustracja";"bunt";"467"
"174";"205";"3";"Nowe scenki poziom 3";"17";"chłopak";"17-latek o tym, że rodzice skomentowali jego post w mediach społecznościowych.";"Po co to zrobiliście? Przecież to jest siara! Teraz moi znajomi będą to wyciągać przez pół roku.";"upokorzenie";"złość";"wstyd";"bunt";"468"
"175";"206";"3";"Nowe scenki poziom 3";"15";"chłopak";"15-latek o tym, że rodzic każe mu wyjść z psem w deszczu.";"Zawsze ja! Dlaczego to ja muszę iść, kiedy leje, a wy sobie siedzicie przed telewizorem? To jest niesprawiedliwe!";"niesprawiedliwość";"złość";"bunt";"frustracja";"469"
"176";"207";"3";"Nowe scenki poziom 3";"16";"chłopak";"16-latek, któremu rodzic każe wynieść śmieci, choć właśnie usiadł.";"Właśnie usiadłem, żeby odpocząć. Czy naprawdę te śmieci nie mogą poczekać do jutra? Musisz mi truć teraz?";"złość";"frustracja";"bunt";"bezsilność";"470"
"177";"208";"3";"Nowe scenki poziom 3";"17";"chłopak";"17-latek o pomaganiu w ogrodzie w weekend.";"Cały weekend mamy kopać te grządki? Przecież ja miałem się spotkać z ekipą. Znowu mi psujecie plany.";"złość";"niesprawiedliwość";"bunt";"frustracja";"471"
"178";"209";"3";"Nowe scenki poziom 3";"16";"chłopak";"16-latek o tym, że rodzic próbuje go przytulić przy znajomych.";"Przestań! Robisz mi totalny obciach. Nie jestem już małym dzieckiem!";"wstyd";"złość";"upokorzenie";"bunt";"472"
"179";"210";"3";"Nowe scenki poziom 3";"15";"dziewczyna";"15-latka o tym, że rodzic chce iść z nią na zakupy odzieżowe.";"Sama sobie wybiorę ubrania. Twój gust to lata dziewięćdziesiąte, nie chcę wyglądać jak ty.";"bunt";"złość";"wstyd";"frustracja";"473"
"180";"211";"3";"Nowe scenki poziom 3";"14";"chłopak";"14-latek o tym, że rodzic ciągle pyta, jak było w szkole.";"Normalnie. Jak zawsze. Możesz przestać mnie tak przesłuchiwać co dwa dni?";"frustracja";"złość";"bunt";"przytłoczenie";"474"
"181";"212";"3";"Nowe scenki poziom 3";"17";"dziewczyna";"17-latka o tym, że rodzice chcą poznać jej nowego chłopaka.";"Nie przyprowadzę go tutaj, żebyście go oceniali od progu. To moja sprawa, z kim się spotykam.";"strach";"bunt";"złość";"wstyd";"475"
"182";"213";"3";"Nowe scenki poziom 3";"16";"chłopak";"16-latek o tym, że rodzic daje mu rady, o które nie prosił.";"Wiem, co mam robić! Nie musisz mi powtarzać wszystkiego po dziesięć razy, jakbym był głupi.";"złość";"frustracja";"bunt";"upokorzenie";"476"
"183";"214";"3";"Nowe scenki poziom 3";"15";"dziewczyna";"15-latka o tym, że rodzice krytykują jej muzykę.";"Słucham tego, co chcę słuchać. Jak wam się nie podoba, to wyjdźcie z mojego pokoju, ale nie mówcie, że to 'hałas'.";"złość";"bunt";"smutek";"niesprawiedliwość";"477"
"184";"215";"3";"Nowe scenki poziom 3";"14";"chłopak";"14-latek o tym, że rodzice śmieją się z jego problemów sercowych.";"Dla was to jest zabawne, ale dla mnie to jest teraz najważniejsze. Nic nie rozumiecie!";"smutek";"złość";"samotność";"żal";"478"
"185";"216";"3";"Nowe scenki poziom 3";"16";"chłopak";"16-latek o tym, że rodzic mówi do niego pieszczotliwym imieniem z dzieciństwa.";"Nie mów tak do mnie! Nienawidzę tego imienia, czuję się wtedy jak jakiś niemowlak.";"wstyd";"złość";"bunt";"smutek";"479"
"186";"217";"3";"Nowe scenki poziom 3";"15";"dziewczyna";"15-latka o tym, że rodzic próbuje być 'fajny' przy jej kolegach.";"To było takie cringe'owe. Proszę, po prostu zachowuj się normalnie, a nie udawaj nastolatka.";"wstyd";"złość";"upokorzenie";"frustracja";"480"
"187";"218";"3";"Nowe scenki poziom 3";"15";"chłopak";"15-latek, który bardzo liczył na wyjazd na obóz sportowy, dowiaduje się, że z powodu awarii samochodu rodzice muszą przesunąć wydatki.";"Obiecaliście mi to pół roku temu! Wszyscy moi kumple już mają opłacone miejsca, a ja teraz mam im powiedzieć, że co? Że znowu coś się zepsuło? Zawsze mi wszystko psujecie w ostatniej chwili!";"złość";"żal";"niesprawiedliwość";"bezsilność";"481"
